item_id,brand,custom_label,current_quantity
176065438205,Base PG,A286,20
176065438394,Premium,A286,20
155917060095,Base PG,A286x2,20
166467934926,Premium,A286x2,20
155895646130,Base PG,A287,0
166445089331,Premium,A287,0
155895646126,Base PG,A287+A288,0
155895731767,Premium,A287+A288,0
155895646123,Base PG,A287+A288+A289+A290,0
176040586886,Premium,A287+A288+A289+A290,0
166444996537,Base PG,A288,0
176040586884,Premium,A288,0
155895646134,Base PG,A289,20
176040586883,Premium,A289,20
176040502844,Base PG,A289+A290,20
176040586878,Premium,A289+A290,20
176040502849,Base PG,A290,20
155895731776,Premium,A290,20
166444996535,Base PG,A291,0
176040586880,Premium,A291,0
155895646124,Base PG,A291+A292,0
166445089334,Premium,A291+A292,0
176040502841,Base PG,A291+A292+A293+A294,0
155895731787,Premium,A291+A292+A293+A294,0
176040502843,Base PG,A292,0
166445089338,Premium,A292,0
166444996545,Base PG,A293,20
166445089333,Premium,A293,20
166444996538,Base PG,A293+A294,20
155895731769,Premium,A293+A294,20
155895646125,Base PG,A294,20
176040586887,Premium,A294,20
155917060096,Base PG,ABS15,20
166467934925,Premium,ABS15,20
155917060109,Base PG,ABS4,20
176065438393,Premium,ABS4,20
166444996539,Base PG,ACC001,0
176040586881,Premium,ACC001,0
155895646131,Base PG,ACPIPE002,20
155895731768,Premium,ACPIPE002,20
155895646129,Base PG,ACPIPE003,20
155895731773,Premium,ACPIPE003,20
155917060092,Base PG,ADB003,20
176065438388,Premium,ADB003,20
176065438193,Base PG,ADB005,20
166467934927,Premium,ADB005,20
155917060503,Premium,ADB006,0
176065450954,Base PG,ADB006,0
176040502845,Base PG,ASP002,0
155895731777,Premium,ASP002,0
176040502846,Base PG,ASP003,20
155895731772,Premium,ASP003,20
166444996536,Base PG,ASP004KIT,20
155895731770,Premium,ASP004KIT,20
176065438204,Base PG,ASRV001,20
155917060499,Premium,ASRV001,20
155917060504,Premium,ASS001,0
176065450947,Base PG,ASS001,0
155917060498,Premium,ASS001x2,0
166467943105,Base PG,ASS001x2,0
175977658822,Base PG,ASS002,20
175977660568,Premium,ASS002,20
155841396753,Base PG,ASS002x2,20
175977660570,Premium,ASS002x2,20
176040502847,Base PG,ASS004,0
166445089340,Premium,ASS004,0
166444996541,Base PG,ASS004x2,0
155895731775,Premium,ASS004x2,0
176040502850,Base PG,AWP001,20
166445089335,Premium,AWP001,20
166388750181,Base PG,BAG001+BAG005,0
166388750442,Premium,BAG001+BAG005,0
166467934792,Base PG,BAG004,0
176065438390,Premium,BAG004,0
155917060091,Base PG,BAG004x2,0
155917060501,Premium,BAG004x2,0
166388750182,Base PG,BAG005,0
166388750440,Premium,BAG005,0
176065438195,Base PG,BHOSE017,20
166467934928,Premium,BHOSE017,20
166467934781,Base PG,BONH001,20
155917060513,Premium,BONH001,20
166467934780,Base PG,BVP001,20
155917060524,Premium,BVP001,20
166388750185,Base PG,BVP002,20
155841396983,Premium,BVP002,20
166467934788,Base PG,CACT002,0
176065438392,Premium,CACT002,0
166388750183,Base PG,CACT005,20
166388750433,Premium,CACT005,20
155917060101,Base PG,CCV001,20
176065438483,Premium,CCV001,20
155917060094,Base PG,CH02x2,0
176065438389,Premium,CH02x2,0
166467934783,Base PG,CSA1,20
166467934933,Premium,CSA1,20
176065438196,Base PG,DH44,20
166467934929,Premium,DH44,20
155917060100,Base PG,DLA62,20
166467934931,Premium,DLA62,20
155895646141,Base PG,DPFPIPE001,20
166445089337,Premium,DPFPIPE001,20
155895646132,Base PG,DPFPIPE002,20
176040586889,Premium,DPFPIPE002,20
166467934782,Base PG,ECF001,20
155917060505,Premium,ECF001,20
166467934784,Base PG,EGR57,20
155917060522,Premium,EGR57,20
166467934785,Base PG,EGR59,20
176065438400,Premium,EGR59,20
166444996540,Base PG,EGR60,20
155895731771,Premium,EGR60,20
176040502851,Base PG,EGR61,20
176040586890,Premium,EGR61,20
155895646138,Base PG,EGR62,20
166445089336,Premium,EGR62,20
155841396758,Base PG,EGR64,20
166388750431,Premium,EGR64,20
155895646137,Base PG,EGR65,20
155895731778,Premium,EGR65,20
166467934793,Base PG,EGRP001,20
176065438391,Premium,EGRP001,20
155895646135,Base PG,EGRP003,20
166445089343,Premium,EGRP003,20
155917060111,Base PG,EPB001,20
166467934935,Premium,EPB001,20
166467934786,Base PG,EPB002,20
176065438395,Premium,EPB002,20
155917060106,Base PG,EPB003,20
155917060514,Premium,EPB003,20
155841396750,Base PG,EPB005,20
166388750432,Premium,EPB005,20
155917060105,Base PG,ESTRUT03,0
155917060516,Premium,ESTRUT03,0
155917060507,Premium,ESTRUT03x2,0
155917072036,Base PG,ESTRUT03x2,0
176065438198,Base PG,EWP001,20
166467934930,Premium,EWP001,20
176065438207,Base PG,EWP002,20
155917060508,Premium,EWP002,20
155876520483,Base PG,FAN001,0
166425133137,Premium,FAN001,0
166425089411,Base PG,FAN002,20
155876559308,Premium,FAN002,20
176018724700,Base PG,FAN003,20
166425133129,Premium,FAN003,20
155876520469,Base PG,FAN004,0
166425089418,Base PG,FAN004,0
176018724690,Base PG,FAN004,0
176018724697,Base PG,FAN004,0
155876559293,Premium,FAN004,0
155876559302,Premium,FAN004,0
155876559305,Premium,FAN004,0
166425133133,Premium,FAN004,0
166425089412,Base PG,FAN005,0
166425089414,Base PG,FAN005,0
166425089417,Base PG,FAN005,0
176018724693,Base PG,FAN005,0
155876559294,Premium,FAN005,0
166425133132,Premium,FAN005,0
166425133134,Premium,FAN005,0
176018774865,Premium,FAN005,0
155876520482,Base PG,FAN006,20
166425133138,Premium,FAN006,20
166425089410,Base PG,FAN007,20
166425133143,Premium,FAN007,20
176018724701,Base PG,FAN008,20
155876559311,Premium,FAN008,20
176018724691,Base PG,FAN009,20
176018774869,Premium,FAN009,20
155876520471,Base PG,FAN010,20
155876559297,Premium,FAN010,20
155876520472,Base PG,FAN011,20
176018774864,Premium,FAN011,20
155876520470,Base PG,FAN012,0
155876559296,Premium,FAN012,0
176018724695,Base PG,FAN013,0
176018774863,Premium,FAN013,0
155876520473,Base PG,FAN014,20
176018774868,Premium,FAN014,20
176018724694,Base PG,FAN015,20
166425133139,Premium,FAN015,20
176018724705,Base PG,FAN016,20
176018774866,Premium,FAN016,20
156329223812,Base PG,FAN017,0
166893611813,Premium,FAN017,0
176018724692,Base PG,FAN018,20
155876559303,Premium,FAN018,20
156253221363,Base PG,FAN019,0
166818737978,Base PG,FAN019,0
176421036955,Base PG,FAN019,0
156253221355,Premium,FAN019,0
166818737982,Premium,FAN019,0
166818737985,Premium,FAN019,0
166893611822,Base PG,FAN020,0
176497426687,Premium,FAN020,0
155876520475,Base PG,FAN021,20
176018774873,Premium,FAN021,20
176018724699,Base PG,FAN023,20
155876559301,Premium,FAN023,20
166425089424,Base PG,FAN024,20
166425133140,Premium,FAN024,20
176018724710,Base PG,FAN025,20
176018774867,Premium,FAN025,20
155876520474,Base PG,FAN026,0
155876559298,Premium,FAN026,0
166425089435,Base PG,FAN027,20
176018774871,Premium,FAN027,20
156329223804,Base PG,FAN028,0
156329223810,Premium,FAN028,0
155876520477,Base PG,FAN029,20
166425133141,Premium,FAN029,20
166425089420,Base PG,FAN030,20
155876559300,Premium,FAN030,20
166425089430,Base PG,FAN031,20
166425133144,Premium,FAN031,20
176018724698,Base PG,FAN032,20
166425133142,Premium,FAN032,20
155876520487,Base PG,FAN033,20
166425133150,Premium,FAN033,20
155876520489,Base PG,FAN034,20
166425089422,Base PG,FAN034,20
176018774874,Premium,FAN034,20
176018774875,Premium,FAN034,20
155876520485,Base PG,FAN035,20
176018774881,Premium,FAN035,20
166425089426,Base PG,FAN036,0
155876559320,Premium,FAN036,0
166425089423,Base PG,FAN037,20
176018774878,Premium,FAN037,20
166425089433,Base PG,FAN038,20
155876559314,Premium,FAN038,20
155876520490,Base PG,FAN039,20
155876559315,Premium,FAN039,20
155876520492,Base PG,FAN041,20
176018774877,Premium,FAN041,20
176018724713,Base PG,FAN042,20
176018774870,Premium,FAN042,20
166425089438,Base PG,FAN043,20
155876559306,Premium,FAN043,20
176018724703,Base PG,FAN044,20
155876559307,Premium,FAN044,20
176018724704,Base PG,FAN045,0
176018774879,Premium,FAN045,0
155876520481,Base PG,FAN046,20
155876559318,Premium,FAN046,20
155876520488,Base PG,FAN047,20
155876559317,Premium,FAN047,20
166425089428,Base PG,FAN048,20
166425133147,Premium,FAN048,20
166425089429,Base PG,FAN049,0
155876559316,Premium,FAN049,0
155876520486,Base PG,FAN050,20
176018774876,Premium,FAN050,20
176018724707,Base PG,FAN051,20
166425133153,Premium,FAN051,20
166425089427,Base PG,FAN052,0
166425133148,Premium,FAN052,0
176018724709,Base PG,FAN053,20
166425133154,Premium,FAN053,20
166425089432,Base PG,FAN054,20
166425133156,Premium,FAN054,20
155876520494,Base PG,FAN055,20
166425133146,Premium,FAN055,20
155876520491,Base PG,FAN056,20
155876559323,Premium,FAN056,20
176018724711,Base PG,FAN057,20
155876559322,Premium,FAN057,20
176018724712,Base PG,FAN058,20
176018774882,Premium,FAN058,20
155876520495,Base PG,FAN060,20
166425133157,Premium,FAN060,20
166425089434,Base PG,FAN061,20
166425133152,Premium,FAN061,20
176018724706,Base PG,FAN062,20
155876559313,Premium,FAN062,20
166425089431,Base PG,FAN064,20
155876559309,Premium,FAN064,20
155876520493,Base PG,FAN065,20
155876559310,Premium,FAN065,20
155876520497,Base PG,FAN066,20
155876559321,Premium,FAN066,20
166425089436,Base PG,FAN067,20
176018774880,Premium,FAN067,20
176040502848,Base PG,FFH010,0
176040586885,Premium,FFH010,0
176065438199,Base PG,FHKIT27,20
155917060527,Premium,FHKIT27,20
166467934787,Base PG,FHKIT27+FP19,20
155917060506,Premium,FHKIT27+FP19,20
176065438201,Base PG,FHKIT27+FP19+N4329,20
155917060520,Premium,FHKIT27+FP19+N4329,20
155841396755,Base PG,FRS17,20
175977660583,Premium,FRS17,20
175977658828,Base PG,FRS18,20
166388750429,Premium,FRS18,20
155837872010,Base PG,GL1017,20
155837876223,Premium,GL1017,20
166385616168,Base PG,GL1019,20
175973668591,Premium,GL1019,20
176040502867,Base PG,GL1027,20
166445089354,Premium,GL1027,20
176040502868,Base PG,GL1033,20
176040586902,Premium,GL1033,20
166467950242,Base PG,GL1051,20
176065460714,Premium,GL1051,20
166444996555,Base PG,GL1067,20
166445089356,Premium,GL1067,20
166467950237,Base PG,GL1073,20
155917074936,Premium,GL1073,20
155917074105,Base PG,GL1088,20
166467950847,Premium,GL1088,20
155837872013,Base PG,GL1102,20
166385620346,Premium,GL1102,20
166444996554,Base PG,GL1106,20
166445089355,Premium,GL1106,20
175973667772,Base PG,GL1114,20
155837876226,Premium,GL1114,20
176065458659,Base PG,GL1117,20
155917074941,Premium,GL1117,20
175973667774,Base PG,GL1127,20
175973668592,Premium,GL1127,20
166444996556,Base PG,GL1128,20
166445089363,Premium,GL1128,20
176040502870,Base PG,GL1129,20
176040586905,Premium,GL1129,20
176040502876,Base PG,GL1131,20
166445089357,Premium,GL1131,20
155895646154,Base PG,GL1132,20
176040586907,Premium,GL1132,20
155895646151,Base PG,GL1133,20
166445089359,Premium,GL1133,20
166385616165,Base PG,GL1134,20
166385620353,Premium,GL1134,20
175973667780,Base PG,GL1138,20
155837876238,Premium,GL1138,20
166444996560,Base PG,GL1154,20
155895731791,Premium,GL1154,20
155895646158,Base PG,GL1156,20
176040586913,Premium,GL1156,20
176065458683,Base PG,GL1157,20
166467950851,Premium,GL1157,20
175973667776,Base PG,GL1162,20
175973668595,Premium,GL1162,20
155837872009,Base PG,GL1163,20
166385620362,Premium,GL1163,20
175973667773,Base PG,GL1166,20
175973668594,Premium,GL1166,20
175973667778,Base PG,GL1167,20
175973668596,Premium,GL1167,20
166385616164,Base PG,GL1168,0
166385620378,Premium,GL1168,0
155837872015,Base PG,GL1169,20
166385620371,Premium,GL1169,20
176040502875,Base PG,GL1170,20
176040586908,Premium,GL1170,20
155837872016,Base PG,GL1171,20
175973668598,Premium,GL1171,20
166444996564,Base PG,GL1174,20
166445089358,Premium,GL1174,20
166444996559,Base PG,GL1175,20
176040586915,Premium,GL1175,20
176065458656,Base PG,GL1189,20
166467950849,Premium,GL1189,20
155917074106,Base PG,GL1191,20
155917074945,Premium,GL1191,20
176065458679,Base PG,GL1205,20
166467950848,Premium,GL1205,20
155917074134,Base PG,GL1211,20
166467950850,Premium,GL1211,20
166467950239,Base PG,GL1213,20
176065460718,Premium,GL1213,20
155895646153,Base PG,GL1218,20
155895731790,Premium,GL1218,20
166444996566,Base PG,GL1219,20
176040586911,Premium,GL1219,20
176040502879,Base PG,GL1220,20
176040586914,Premium,GL1220,20
176040502878,Base PG,GL1230,20
176040586912,Premium,GL1230,20
155895646160,Base PG,GL1233,20
166445089360,Premium,GL1233,20
155837872011,Base PG,GL1234,20
175973668600,Premium,GL1234,20
176065458669,Base PG,GL1252+GL1253,20
176065460725,Premium,GL1252+GL1253,20
176065458658,Base PG,GL1253,20
176065460728,Premium,GL1253,20
176065458682,Base PG,GL1261,20
176065460720,Premium,GL1261,20
155917074109,Base PG,GL1262,20
155917074949,Premium,GL1262,20
155895646157,Base PG,GL1275,20
176040586916,Premium,GL1275,20
176040502874,Base PG,GL1290,20
166445089365,Premium,GL1290,20
166444996567,Base PG,GL1294,20
155895731795,Premium,GL1294,20
155917074141,Base PG,GL1295,20
155917074953,Premium,GL1295,20
176040502877,Base PG,GL1305,20
166445089361,Premium,GL1305,20
155895646156,Base PG,GL1306,20
166445089366,Premium,GL1306,20
166385616169,Base PG,GL1320,20
166385620383,Premium,GL1320,20
155917060098,Base PG,HEAD001,20
166467934932,Premium,HEAD001,20
155895650400,Base PG,HEAD002,20
155895731774,Premium,HEAD002,20
155895650401,Base PG,HEAD003,20
176040586892,Premium,HEAD003,20
166444999281,Base PG,HEAD004,20
166445089339,Premium,HEAD004,20
166444999282,Base PG,HEAD005,20
166445089349,Premium,HEAD005,20
166444996544,Base PG,HIP001,0
155895731779,Premium,HIP001,0
176040502858,Base PG,HSP001,20
176040586896,Premium,HSP001,20
166444996552,Base PG,HSP001+HSP002,20
176040586888,Premium,HSP001+HSP002,20
155895646136,Base PG,HSP002,20
176040586895,Premium,HSP002,20
176040502865,Base PG,LINK27,20
166445089348,Premium,LINK27,20
166444996546,Base PG,LINK27+WM42,20
155895731781,Premium,LINK27+WM42,20
166467934789,Base PG,LINK28,20
155917060510,Premium,LINK28,20
166467934790,Base PG,LINK29,20
155917060509,Premium,LINK29,20
155895646143,Base PG,LINK30,20
176040586891,Premium,LINK30,20
176040502855,Base PG,LINK30+WM51,0
166445089342,Premium,LINK30+WM51,0
155917060102,Base PG,LINK4,20
166467934934,Premium,LINK4,20
166467934798,Base PG,LK18,20
166467934936,Premium,LK18,20
166467934802,Base PG,LK19,20
166467934939,Premium,LK19,20
155917060112,Base PG,LK21,20
155917060526,Premium,LK21,20
166467934804,Base PG,LK22,20
176065438396,Premium,LK22,20
155917060099,Base PG,LK24,20
155917060512,Premium,LK24,20
176065438206,Base PG,LK25,20
176065438403,Premium,LK25,20
166467934794,Base PG,LK26,20
166467934937,Premium,LK26,20
166467934795,Base PG,LK27,20
176065438408,Premium,LK27,20
166467934796,Base PG,LK28,20
155917060515,Premium,LK28,20
166444996549,Base PG,MAN007,20
166445089350,Premium,MAN007,20
155913083150,Base PG,MFP003,20
176061147913,Premium,MFP003,20
155913083157,Base PG,MFP004,20
166464102848,Premium,MFP004,20
176061147641,Base PG,MFP005,20
166464102842,Premium,MFP005,20
166464102647,Base PG,MFP006,20
166464102849,Premium,MFP006,20
176061147651,Base PG,MFP007,20
166464102851,Premium,MFP007,20
155913083155,Base PG,MFP008,20
176061147935,Premium,MFP008,20
155913083160,Base PG,MFP009,20
176061147912,Premium,MFP009,20
176061147648,Base PG,MFP010,20
155913083368,Premium,MFP010,20
155913083158,Base PG,MFP011,20
176061147910,Premium,MFP011,20
155913083164,Base PG,MFP012,20
166464102841,Premium,MFP012,20
166464102652,Base PG,MFP013,0
155913083365,Premium,MFP013,0
155913083165,Base PG,MFP014,20
176061147921,Premium,MFP014,20
176061147656,Base PG,MFP015,20
155913083375,Premium,MFP015,20
176061147654,Base PG,MFP016,20
176061147911,Premium,MFP016,20
166464102650,Base PG,MFP017,20
176061147923,Premium,MFP017,20
155913083166,Base PG,MFP018,20
166464102844,Premium,MFP018,20
166464102655,Base PG,MFP019,20
176061147924,Premium,MFP019,20
176061147661,Base PG,MFP020,20
166464102843,Premium,MFP020,20
166464102654,Base PG,MFP021,20
155913083366,Premium,MFP021,20
166464102656,Base PG,MFP022,20
155913083371,Premium,MFP022,20
155913083170,Base PG,MFP023,20
176061147916,Premium,MFP023,20
176061147670,Base PG,MFP024,20
176061147915,Premium,MFP024,20
176061147673,Base PG,MFP025,20
176061147927,Premium,MFP025,20
176061147666,Base PG,MFP027,20
176061147914,Premium,MFP027,20
155913083169,Base PG,MFP028,20
155913083376,Premium,MFP028,20
176061147668,Base PG,MFP029,20
166464102845,Premium,MFP029,20
155913083172,Base PG,MFP030,20
176061147926,Premium,MFP030,20
176061147672,Base PG,MFP032,20
166464102856,Premium,MFP032,20
155913083176,Base PG,MFP033,20
155913083370,Premium,MFP033,20
166464102665,Base PG,MFP034,20
166464102846,Premium,MFP034,20
155913083179,Base PG,MFP035,20
176061147930,Premium,MFP035,20
155913083175,Base PG,MFP036,20
176061147919,Premium,MFP036,20
155913083178,Base PG,MFP037,20
155913083369,Premium,MFP037,20
166464102661,Base PG,MFP038,20
176061147917,Premium,MFP038,20
166464102663,Base PG,MFP039,20
166464102847,Premium,MFP039,20
176061147680,Base PG,MFP040,20
176061147920,Premium,MFP040,20
155913083184,Base PG,MFP041,20
176061147925,Premium,MFP041,20
155913083181,Base PG,MFP042,20
155913083383,Premium,MFP042,20
155913083180,Base PG,MFP043,20
155913083373,Premium,MFP043,20
155913083185,Base PG,MFP044,20
155913083382,Premium,MFP044,20
166464102669,Base PG,MFP045,20
176061147933,Premium,MFP045,20
166464102667,Base PG,MFP046,20
176061147931,Premium,MFP046,20
166464102672,Base PG,MFP047,0
176061147938,Premium,MFP047,0
155913083182,Base PG,MFP049,0
166464102850,Premium,MFP049,0
166464102668,Base PG,MFP050,0
176061147922,Premium,MFP050,0
155913083189,Base PG,MFP051,20
176061147929,Premium,MFP051,20
166464102670,Base PG,MFP052,20
155913083372,Premium,MFP052,20
155913083187,Base PG,MFP053,20
176061147939,Premium,MFP053,20
155913083188,Base PG,MFP054,20
166464102866,Premium,MFP054,20
155913083190,Base PG,MFP055,20
166464102852,Premium,MFP055,20
166464102675,Base PG,MFP056,20
166464102853,Premium,MFP056,20
166464102674,Base PG,MFP057,20
176061147937,Premium,MFP057,20
166464102679,Base PG,MFP058,20
155913083374,Premium,MFP058,20
166464102676,Base PG,MFP059,20
155913083381,Premium,MFP059,20
155913083191,Base PG,MFP060,20
176061147928,Premium,MFP060,20
176061147706,Base PG,MFP061,20
176061147947,Premium,MFP061,20
166464102678,Base PG,MFP062,20
155913083378,Premium,MFP062,20
176061147716,Base PG,MFP063,20
155913083385,Premium,MFP063,20
155913083192,Base PG,MFP064,20
155913083390,Premium,MFP064,20
176061147708,Base PG,MFP065,20
155913083380,Premium,MFP065,20
155913083198,Base PG,MFP066,20
166464102865,Premium,MFP066,20
155913083197,Base PG,MFP067,20
155913083386,Premium,MFP067,20
166464102682,Base PG,MFP068,20
166464102855,Premium,MFP068,20
166464102681,Base PG,MFP069,20
166464102854,Premium,MFP069,20
155913083196,Base PG,MFP070,20
166464102858,Premium,MFP070,20
155913083201,Base PG,MFP071,20
166464102860,Premium,MFP071,20
166464102683,Base PG,MFP072,20
176061147934,Premium,MFP072,20
176061147730,Base PG,MFP073,20
176061147944,Premium,MFP073,20
155913083199,Base PG,MFP074,20
176061147953,Premium,MFP074,20
166464102687,Base PG,MFP076,20
176061147932,Premium,MFP076,20
155913083200,Base PG,MFP077,0
166464102859,Premium,MFP077,0
166464102693,Base PG,MFP078,0
176061147948,Premium,MFP078,0
166464102689,Base PG,MFP079,20
155913083395,Premium,MFP079,20
166464102692,Base PG,MFP081,20
176061147945,Premium,MFP081,20
166464102694,Base PG,MFP082,20
166464102864,Premium,MFP082,20
155913083205,Base PG,MFP083,20
176061147942,Premium,MFP083,20
176061147741,Base PG,MFP084,0
176061147943,Premium,MFP084,0
176061147737,Base PG,MFP085,20
155913083388,Premium,MFP085,20
155913083203,Base PG,MFP086,20
166464102867,Premium,MFP086,20
176061147739,Base PG,MFP087,20
166464102868,Premium,MFP087,20
176061147743,Base PG,MFP088,20
176061147946,Premium,MFP088,20
166464102695,Base PG,MFP089,20
166464102871,Premium,MFP089,20
176061147750,Base PG,MFP090,20
166464102872,Premium,MFP090,20
155913083206,Base PG,MFP091,20
176061147940,Premium,MFP091,20
176061147752,Base PG,MFP092,20
155913083393,Premium,MFP092,20
155913083208,Base PG,MFP093,20
166464102869,Premium,MFP093,20
176061147754,Base PG,MFP095,20
155913083401,Premium,MFP095,20
166464102697,Base PG,MFP096,20
155913083391,Premium,MFP096,20
155913083207,Base PG,MFP097,20
166464102886,Premium,MFP097,20
166464102696,Base PG,MFP098,20
176061147952,Premium,MFP098,20
166464102698,Base PG,MFP099,20
155913083389,Premium,MFP099,20
176061147751,Base PG,MFP100,20
166464102882,Premium,MFP100,20
166464102701,Base PG,MFP101,0
166464102875,Premium,MFP101,0
166464102702,Base PG,MFP102,20
176061147956,Premium,MFP102,20
176061147753,Base PG,MFP103,20
155913083410,Premium,MFP103,20
155913083209,Base PG,MFP104,20
155913083397,Premium,MFP104,20
155913083211,Base PG,MFP105,20
155913083396,Premium,MFP105,20
176061147755,Base PG,MFP106,20
166464102873,Premium,MFP106,20
176061147757,Base PG,MFP107,20
176061147958,Premium,MFP107,20
166464102703,Base PG,MFP108,20
176061147959,Premium,MFP108,20
155913083214,Base PG,MFP109,20
166464102874,Premium,MFP109,20
155913083213,Base PG,MFP110,20
155913083399,Premium,MFP110,20
176061147758,Base PG,MFP111,20
176061147954,Premium,MFP111,20
166464102705,Base PG,MFP114,20
166464102877,Premium,MFP114,20
166464102704,Base PG,MFP115,20
166464102887,Premium,MFP115,20
155913083215,Base PG,MFP117,20
176061147949,Premium,MFP117,20
155913083216,Base PG,MFP118,20
166464102876,Premium,MFP118,20
166464102706,Base PG,MFP119,20
166464102880,Premium,MFP119,20
176061147764,Base PG,MFP120,20
155913083403,Premium,MFP120,20
176061147760,Base PG,MFP121,0
155913083404,Premium,MFP121,0
155913083218,Base PG,MFP122,20
166464102878,Premium,MFP122,20
155913083220,Base PG,MFP123,20
176061147955,Premium,MFP123,20
155913083221,Base PG,MFP124,0
176061147951,Premium,MFP124,0
155913083219,Base PG,MFP125,20
166464102892,Premium,MFP125,20
176061147763,Base PG,MFP126,20
155913083406,Premium,MFP126,20
166464102707,Base PG,MFP127,20
155913083405,Premium,MFP127,20
176061147765,Base PG,MFP128,20
155913083402,Premium,MFP128,20
155913083222,Base PG,MFP130,20
155913083409,Premium,MFP130,20
176061147767,Base PG,MFP131,20
155913083411,Premium,MFP131,20
176061147771,Base PG,MFP132,20
166464102885,Premium,MFP132,20
155913083223,Base PG,MFP134,20
166464102881,Premium,MFP134,20
176061147769,Base PG,MFP136,20
166464102891,Premium,MFP136,20
176061147770,Base PG,MFP137,20
176061147969,Premium,MFP137,20
166464102714,Base PG,MFP138,20
166464102888,Premium,MFP138,20
155913083228,Base PG,MFP139,20
166464102893,Premium,MFP139,20
166464102717,Base PG,MFP140,20
176061147968,Premium,MFP140,20
155913083225,Base PG,MFP141,20
166464102894,Premium,MFP141,20
176061147772,Base PG,MFP142,20
155913083408,Premium,MFP142,20
166464102720,Base PG,MFP143,20
166464102884,Premium,MFP143,20
166464102718,Base PG,MFP144,20
155913083427,Premium,MFP144,20
166464102721,Base PG,MFP145,0
155913083416,Premium,MFP145,0
155913083229,Base PG,MFP146,20
166464102895,Premium,MFP146,20
155913083230,Base PG,MFP147,20
176061147966,Premium,MFP147,20
176061147774,Base PG,MFP148,0
155913083412,Premium,MFP148,0
155913083231,Base PG,MFP149,20
166464102896,Premium,MFP149,20
155913083232,Base PG,MFP150,20
155913083419,Premium,MFP150,20
155913083233,Base PG,MFP151,20
176061147965,Premium,MFP151,20
155913083234,Base PG,MFP152,20
155913083426,Premium,MFP152,20
155913083235,Base PG,MFP153,20
155913083415,Premium,MFP153,20
155913083239,Base PG,MFP154,20
155913083420,Premium,MFP154,20
166464102722,Base PG,MFP155,20
176061147961,Premium,MFP155,20
155913083237,Base PG,MFP156,20
155913083418,Premium,MFP156,20
155913083238,Base PG,MFP157,20
155913083425,Premium,MFP157,20
155913083242,Base PG,MFP158,20
155913083417,Premium,MFP158,20
166464102726,Base PG,MFP159,20
155913083430,Premium,MFP159,20
176061147777,Base PG,MFP160,20
166464102890,Premium,MFP160,20
176061147776,Base PG,MFP161,20
155913083421,Premium,MFP161,20
155913083248,Base PG,MFP162,20
166464102889,Premium,MFP162,20
176061147784,Base PG,MFP163,20
176061147962,Premium,MFP163,20
176061147778,Base PG,MFP164,20
176061147963,Premium,MFP164,20
155913083245,Base PG,MFP165,20
155913083424,Premium,MFP165,20
176061147786,Base PG,MFP166,20
176061147967,Premium,MFP166,20
166464102732,Base PG,MFP167,20
176061147971,Premium,MFP167,20
166464102729,Base PG,MFP168,20
155913083429,Premium,MFP168,20
176061147783,Base PG,MFP169,0
176061147964,Premium,MFP169,0
166464102731,Base PG,MFP170,20
166464102897,Premium,MFP170,20
176061147785,Base PG,MFP171,20
166464102898,Premium,MFP171,20
176061147790,Base PG,MFP172,20
176061147972,Premium,MFP172,20
155913083254,Base PG,MFP173,20
166464102899,Premium,MFP173,20
166464102733,Base PG,MFP174,20
155913083431,Premium,MFP174,20
176061147787,Base PG,MFP175,20
155913083432,Premium,MFP175,20
155913083259,Base PG,MFP176,20
155913083435,Premium,MFP176,20
155913083256,Base PG,MFP177,20
166464102900,Premium,MFP177,20
176061147791,Base PG,MFP178,20
176061147978,Premium,MFP178,20
176061147793,Base PG,MFP179,20
166464102902,Premium,MFP179,20
176061147792,Base PG,MFP180,20
155913083439,Premium,MFP180,20
155913083257,Base PG,MFP181,20
166464102904,Premium,MFP181,20
176061147795,Base PG,MFP182,20
155913083442,Premium,MFP182,20
176061147794,Base PG,MFP183,0
176061147975,Premium,MFP183,0
166464102738,Base PG,MFP184,20
155913083434,Premium,MFP184,20
155913083260,Base PG,MFP185,0
166464102901,Premium,MFP185,0
176061147796,Base PG,MFP186,20
176061147977,Premium,MFP186,20
155913083261,Base PG,MFP187,20
155913083433,Premium,MFP187,20
176061147801,Base PG,MFP188,20
176061147983,Premium,MFP188,20
176061147799,Base PG,MFP189,20
155913083436,Premium,MFP189,20
166464102740,Base PG,MFP190,20
166464102903,Premium,MFP190,20
155913083265,Base PG,MFP191,20
176061147989,Premium,MFP191,20
155913083262,Base PG,MFP192,0
155913083438,Premium,MFP192,0
166464102742,Base PG,MFP193,20
166464102906,Premium,MFP193,20
176061147807,Base PG,MFP194,20
176061147990,Premium,MFP194,20
176061147806,Base PG,MFP195,0
166464102907,Premium,MFP195,0
176061147802,Base PG,MFP196,20
166464102909,Premium,MFP196,20
166464102741,Base PG,MFP197,20
155913083441,Premium,MFP197,20
155913083267,Base PG,MFP198,0
166464102908,Premium,MFP198,0
176061147810,Base PG,MFP199,20
155913083443,Premium,MFP199,20
176061147804,Base PG,MFP200,0
176061147981,Premium,MFP200,0
155913083268,Base PG,MFP201,20
155913083444,Premium,MFP201,20
155913083271,Base PG,MFP202,20
176061147986,Premium,MFP202,20
176061147808,Base PG,MFP203,20
176061147988,Premium,MFP203,20
155913083269,Base PG,MFP204,20
176061147991,Premium,MFP204,20
176061147809,Base PG,MFP205,20
166464102914,Premium,MFP205,20
166464102744,Base PG,MFP206,20
155913083446,Premium,MFP206,20
155913083270,Base PG,MFP207,20
176061147987,Premium,MFP207,20
176061147815,Base PG,MFP208,20
166464102912,Premium,MFP208,20
155913083272,Base PG,MFP209,20
155913083445,Premium,MFP209,20
166464102747,Base PG,MFP210,20
155913083448,Premium,MFP210,20
176061147813,Base PG,MFP211,20
176061147992,Premium,MFP211,20
166464102749,Base PG,MFP212,20
166464102913,Premium,MFP212,20
176061147819,Base PG,MFP213,20
176061147993,Premium,MFP213,20
176061147820,Base PG,MFP214,20
155913083447,Premium,MFP214,20
166464102750,Base PG,MFP215,20
166464102916,Premium,MFP215,20
176061147818,Base PG,MFP216,20
155913083450,Premium,MFP216,20
166464102754,Base PG,MFP217,20
155913083451,Premium,MFP217,20
166464102752,Base PG,MFP218,20
166464102918,Premium,MFP218,20
155913083275,Base PG,MFP219,20
155913083449,Premium,MFP219,20
176065438200,Base PG,NOX001,20
176065438413,Premium,NOX001,20
155917060104,Base PG,NOX003,20
155917060107,Base PG,NOX003,20
155917060108,Base PG,NOX003,20
155917060110,Base PG,NOX003,20
155917060114,Base PG,NOX003,20
155917060121,Base PG,NOX003,20
155917060123,Base PG,NOX003,20
166467934797,Base PG,NOX003,20
166467934799,Base PG,NOX003,20
166467934800,Base PG,NOX003,20
166467934805,Base PG,NOX003,20
176065438208,Base PG,NOX003,20
176065438209,Base PG,NOX003,20
176065438210,Base PG,NOX003,20
176065438211,Base PG,NOX003,20
176065438212,Base PG,NOX003,20
176065438213,Base PG,NOX003,20
176065438214,Base PG,NOX003,20
176065438215,Base PG,NOX003,20
176065438218,Base PG,NOX003,20
176065438220,Base PG,NOX003,20
176065438223,Base PG,NOX003,20
176065438229,Base PG,NOX003,20
155917060521,Premium,NOX003,20
155917060523,Premium,NOX003,20
155917060525,Premium,NOX003,20
155917060529,Premium,NOX003,20
155917060530,Premium,NOX003,20
155917060534,Premium,NOX003,20
155917060539,Premium,NOX003,20
166467934938,Premium,NOX003,20
166467934941,Premium,NOX003,20
166467934942,Premium,NOX003,20
166467934943,Premium,NOX003,20
166467934946,Premium,NOX003,20
166467934947,Premium,NOX003,20
166467934948,Premium,NOX003,20
166467934950,Premium,NOX003,20
166467934951,Premium,NOX003,20
166467934955,Premium,NOX003,20
176065438397,Premium,NOX003,20
176065438401,Premium,NOX003,20
176065438402,Premium,NOX003,20
176065438404,Premium,NOX003,20
176065438407,Premium,NOX003,20
176065438409,Premium,NOX003,20
166467934803,Base PG,NOX005,20
166467934954,Premium,NOX005,20
155917060124,Base PG,NOX006,20
155917060528,Premium,NOX006,20
166467934801,Base PG,NOX006+NOX007,0
155917060546,Premium,NOX006+NOX007,0
155917060115,Base PG,NOX007,0
176065438410,Premium,NOX007,0
176497426669,Base PG,NOX008,0
156329223849,Premium,NOX008,0
155917060113,Base PG,NOX010,20
166467934959,Premium,NOX010,20
166467934808,Base PG,OFH002,20
155917060533,Premium,OFH002,20
166467934810,Base PG,OFH003,20
155917060552,Premium,OFH003,20
155841396754,Base PG,OPUMP007,0
166388750444,Premium,OPUMP007,0
166467934807,Base PG,PSP24+PSP29+PSP71,20
166467934945,Premium,PSP24+PSP29+PSP71,20
155917060116,Base PG,PSP24+PSP29+PSP71+PSFx2,20
155917060543,Premium,PSP24+PSP29+PSP71+PSFx2,20
176065438221,Base PG,PSP24+PSP29+PSP71+VSSP101,20
155917060535,Premium,PSP24+PSP29+PSP71+VSSP101,20
176065438222,Base PG,PSP24+PSP71+PSP77,20
166467934949,Premium,PSP24+PSP71+PSP77,20
166467934815,Base PG,PSP24+PSP71+PSP77+VSSP101,20
155917060536,Premium,PSP24+PSP71+PSP77+VSSP101,20
166467934806,Base PG,PSP29+PSP71,20
155917060556,Premium,PSP29+PSP71,20
155917060129,Base PG,PSP29+VSSP101,20
166467934944,Premium,PSP29+VSSP101,20
166467934809,Base PG,PSP39+PSP40+VSSP101,0
155917060557,Premium,PSP39+PSP40+VSSP101,0
155917060118,Base PG,PSP39+VSSP101,20
155917060537,Premium,PSP39+VSSP101,20
155917060117,Base PG,PSP70,20
176065438420,Premium,PSP70,20
176065438219,Base PG,PSP71,20
176065438415,Premium,PSP71,20
176065438233,Base PG,PSP71+PSP77,20
166467934963,Premium,PSP71+PSP77,20
166467934811,Base PG,PSP71+PSP77+VSSP101,20
155917060540,Premium,PSP71+PSP77+VSSP101,20
166467934817,Base PG,PSP77,20
155917060538,Premium,PSP77,20
176065438227,Base PG,PSP77+VSSP101,20
155917060559,Premium,PSP77+VSSP101,20
176065438230,Base PG,PSP78,20
155917060541,Premium,PSP78,20
166467934816,Base PG,PSP78+PSP79,20
176065438424,Premium,PSP78+PSP79,20
155917060125,Base PG,PSP79,20
166467934952,Premium,PSP79,20
155917060119,Base PG,PSP80,20
155917060542,Premium,PSP80,20
166467934812,Base PG,PSP80+PSP84,20
155917060544,Premium,PSP80+PSP84,20
155895646139,Base PG,PSP81,20
155895731786,Premium,PSP81,20
176040502853,Base PG,PSP82,20
166445089345,Premium,PSP82,20
176065438238,Base PG,PSP84,20
176065438411,Premium,PSP84,20
166444996557,Base PG,PSP86,20
166445089341,Premium,PSP86,20
176065438232,Base PG,RC10,20
155917060555,Premium,RC10,20
176040502854,Base PG,RLB001,20
176040586901,Premium,RLB001,20
166444996551,Base PG,RM001,0
166445089344,Premium,RM001,0
166444996550,Base PG,RM002,20
166445089353,Premium,RM002,20
166444996548,Base PG,RSW001,20
176040586903,Premium,RSW001,20
155895646145,Base PG,RTA3001L,20
155895731788,Premium,RTA3001L,20
176040502856,Base PG,RTA3001L+RTA3001R,20
155895731789,Premium,RTA3001L+RTA3001R,20
155895646149,Base PG,RTA3001R,20
166445089347,Premium,RTA3001R,20
176040502859,Base PG,RWP002,20
176040586898,Premium,RWP002,20
166467934820,Base PG,SF024,20
155917060574,Premium,SF024,20
155917060130,Base PG,SF026,0
176065438428,Premium,SF026,0
155917060135,Base PG,SF027,20
176065438416,Premium,SF027,20
166467934813,Base PG,SF029,20
166467934956,Premium,SF029,20
155917060127,Base PG,SF030,20
155917060561,Premium,SF030,20
166467934814,Base PG,SF031,20
166467934958,Premium,SF031,20
155917060128,Base PG,SF032,20
176065438414,Premium,SF032,20
155917060126,Base PG,SF033,20
166467934960,Premium,SF033,20
155917060134,Base PG,SF034,20
155917060549,Premium,SF034,20
155917060140,Base PG,SF036,0
176065438418,Premium,SF036,0
176065438239,Base PG,SF037,0
166467934961,Premium,SF037,0
176040510130,Base PG,SF042,20
155895731784,Premium,SF042,20
155895650404,Base PG,SF046,20
176040586894,Premium,SF046,20
155895650402,Base PG,SF047,20
176040586897,Premium,SF047,20
176040510129,Base PG,SF048,20
176040586909,Premium,SF048,20
176065438234,Base PG,SKNU001,0
166467934957,Premium,SKNU001,0
155917060132,Base PG,SKNU001+SKNU003,0
176065438425,Premium,SKNU001+SKNU003,0
166467934821,Base PG,SKNU002,0
155917060553,Premium,SKNU002,0
176065438235,Base PG,SKNU002+SKNU004,0
155917060567,Premium,SKNU002+SKNU004,0
166467934818,Base PG,SKNU003,20
155917060563,Premium,SKNU003,20
155917060143,Base PG,SKNU004,20
176065438417,Premium,SKNU004,20
166467934823,Base PG,SPUMP003,20
155917060558,Premium,SPUMP003,20
176065438236,Base PG,SSH008,20
176065438423,Premium,SSH008,20
176065438243,Base PG,STRAP013,20
166467934974,Premium,STRAP013,20
166467934819,Base PG,STRAP013x2,20
176065438426,Premium,STRAP013x2,20
155917060138,Base PG,STRAP019,20
166467934964,Premium,STRAP019,20
166467934827,Base PG,STRAP019x2,20
155917060566,Premium,STRAP019x2,20
176065438245,Base PG,STRAP020,20
155917060571,Premium,STRAP020,20
176065438237,Base PG,STRAP023,20
166467934965,Premium,STRAP023,20
155917060139,Base PG,SW284,20
166467934966,Premium,SW284,20
155841396751,Base PG,TACT009,20
155841396986,Premium,TACT009,20
166467934822,Base PG,TBH28,20
176065438427,Premium,TBH28,20
176040502864,Base PG,TBODY10,20
176040586893,Premium,TBODY10,20
166467934824,Base PG,TBODY9,0
155917060560,Premium,TBODY9,0
155917060136,Base PG,TC1,20
166467934967,Premium,TC1,20
166467934853,Base PG,TC1+TCG100,0
176065438439,Premium,TC1+TCG100,0
176065438250,Base PG,TC1+TCG100+TCG101+TCS100,0
166467934975,Premium,TC1+TCG100+TCG101+TCS100,0
166467934828,Base PG,TC1+TCG100+TCS100,0
155917060565,Premium,TC1+TCG100+TCS100,0
155917060144,Base PG,TC2+TCG103,0
176065438430,Premium,TC2+TCG103,0
176065438240,Base PG,TC2+TCG103+TCS100,0
166467934973,Premium,TC2+TCG103+TCS100,0
166467934825,Base PG,TCG100,0
176065438429,Premium,TCG100,0
155917060141,Base PG,TCG100+TCG101,0
176065438432,Premium,TCG100+TCG101,0
176065438246,Base PG,TCG100+TCG101+TCS100,0
176065438438,Premium,TCG100+TCG101+TCS100,0
166467934834,Base PG,TCG101,20
176065438442,Premium,TCG101,20
176065438241,Base PG,TCG102,20
155917060573,Premium,TCG102,20
166467934832,Base PG,TCKIT001,20
166467934970,Premium,TCKIT001,20
166467934831,Base PG,TCKIT001+TC2+TCG103,0
176065438435,Premium,TCKIT001+TC2+TCG103,0
166467934833,Base PG,TCKIT001+TC2+TCG103+TCS100,0
166467934968,Premium,TCKIT001+TC2+TCG103+TCS100,0
176065438242,Base PG,TCKIT003,20
166467934971,Premium,TCKIT003,20
166467934849,Base PG,TCKIT005,0
176065438253,Base PG,TCKIT005,0
176065438446,Premium,TCKIT005,0
176065438447,Premium,TCKIT005,0
176065438244,Base PG,TCKIT005+VANG001+VANG002,0
176065438444,Premium,TCKIT005+VANG001+VANG002,0
176065438251,Base PG,TCKIT008,20
176065438433,Premium,TCKIT008,20
166467934830,Base PG,TCKIT008+TC4,20
176065438436,Premium,TCKIT008+TC4,20
166467934847,Base PG,TCKIT014,20
155917060568,Premium,TCKIT014,20
176065438248,Base PG,TCKIT014+TC1+TCG100,0
176065438440,Premium,TCKIT014+TC1+TCG100,0
176065438247,Base PG,TCKIT014+TC1+TCG100+TCG101+TCS100,0
155917060572,Premium,TCKIT014+TC1+TCG100+TCG101+TCS100,0
155917060148,Base PG,TCKIT015,20
176065438434,Premium,TCKIT015,20
166467934845,Base PG,TCKIT015+TC1+TCG100,0
176065438441,Premium,TCKIT015+TC1+TCG100,0
176065438254,Base PG,TCKIT015+TC1+TCG100+TCG101+TCS100,0
155917060587,Premium,TCKIT015+TC1+TCG100+TCG101+TCS100,0
176065438249,Base PG,TCKIT016,0
155917060581,Premium,TCKIT016,0
155895646144,Base PG,TH48,20
166445089351,Premium,TH48,20
155895646146,Base PG,TH49,20
176040502861,Base PG,TH49,20
176040502871,Base PG,TH49,20
155895731783,Premium,TH49,20
176040586906,Premium,TH49,20
155895731793,Premium,TH49,20
176065438259,Base PG,TLP001,0
176065438437,Premium,TLP001,0
155917060146,Base PG,TOR001,20
176065438445,Premium,TOR001,20
166467934836,Base PG,TOR002,20
176065438449,Premium,TOR002,20
166467934837,Base PG,VSOL4,20
155917060575,Premium,VSOL4,20
155917060145,Base PG,VSOL4+VSOL5,20
176065438448,Premium,VSOL4+VSOL5,20
176065438257,Base PG,VSOL5,20
155917060577,Premium,VSOL5,20
166467934842,Base PG,VVT001,0
155917060578,Premium,VVT001,0
176040502872,Base PG,WA509+WA510,20
155895731792,Premium,WA509+WA510,20
155895646148,Base PG,WA509+WA510+WCPB26x2,20
176040586900,Premium,WA509+WA510+WCPB26x2,20
166444996553,Base PG,WA510,20
166445089352,Premium,WA510,20
166467934838,Base PG,WAP012,0
155917060576,Premium,WAP012,0
155917060149,Base PG,WAP013,20
166467934977,Premium,WAP013,20
166467934850,Base PG,WM25,20
166467934976,Premium,WM25,20
166467934844,Base PG,WM25+LINK4,20
166467934980,Premium,WM25+LINK4,20
155917060151,Base PG,WM37,20
176065438455,Premium,WM37,20
176065438256,Base PG,WM39,20
166467934978,Premium,WM39,20
166444996563,Base PG,WM40,20
155895731782,Premium,WM40,20
166467934846,Base PG,WM43,20
176065438452,Premium,WM43,20
176065438255,Base PG,WM44,20
176065438451,Premium,WM44,20
166467934854,Base PG,WM45,20
155917060582,Premium,WM45,20
176065438258,Base PG,WM46,20
166467934979,Premium,WM46,20
155917060150,Base PG,WM47,20
155917060584,Premium,WM47,20
166444996558,Base PG,WM51,0
155895731785,Premium,WM51,0
156200317874,,ABS22,20
166753720722,,ABS22,20
156200317872,,ABS25,20
176370665797,,ABS25,20
156200317873,,ABS26,20
176370665807,,ABS26,20
166753720634,,ASG001,20
166753720725,,ASG001,20
166753720636,,ASG002,20
156200317943,,ASG002,20
156200317878,,CAB022,20
156200317949,,CAB022,20
166753720638,,CAB022+CAB024,0
166753720736,,CAB022+CAB024,0
176370665573,,CAB022+CAB024+DLA18,0
176370665806,,CAB022+CAB024+DLA18,0
176370665578,,CAB022+CAB024+DLA19,0
176370665811,,CAB022+CAB024+DLA19,0
156200317881,,CAB022+CAB024+DLA56,0
166753720719,,CAB022+CAB024+DLA56,0
166753720641,,CAB022+CAB024+DLA57,0
176370665819,,CAB022+CAB024+DLA57,0
166753720639,,CAB022+DLA18,20
166753720724,,CAB022+DLA18,20
166753720642,,CAB022+DLA19,20
166753720731,,CAB022+DLA19,20
156200317883,,CAB022+DLA56,20
176370665801,,CAB022+DLA56,20
176370665583,,CAB022+DLA57,20
166753720720,,CAB022+DLA57,20
156200317876,,CAB022x2,20
156200317945,,CAB022x2,20
156200317877,,CAB022x2+CAB024x2,0
166753720726,,CAB022x2+CAB024x2,0
166753720635,,CAB022x2+CAB024x2+DLA18+DLA19,0
156200317957,,CAB022x2+CAB024x2+DLA18+DLA19,0
166753720637,,CAB022x2+CAB024x2+DLA18+DLA19+DLA20+DLA21,0
156200317944,,CAB022x2+CAB024x2+DLA18+DLA19+DLA20+DLA21,0
166753720640,,CAB022x2+CAB024x2+DLA56+DLA57,0
156200317955,,CAB022x2+CAB024x2+DLA56+DLA57,0
156200317880,,CAB022x2+CAB024x2+DLA56+DLA57+DLA58+DLA59,0
166753720728,,CAB022x2+CAB024x2+DLA56+DLA57+DLA58+DLA59,0
176370665579,,CAB022x2+DLA18+DLA19,20
156200317954,,CAB022x2+DLA18+DLA19,20
176370665580,,CAB022x2+DLA18+DLA19+DLA20+DLA21,20
176370665808,,CAB022x2+DLA18+DLA19+DLA20+DLA21,20
156200317885,,CAB022x2+DLA56+DLA57,20
176370665818,,CAB022x2+DLA56+DLA57,20
176370665582,,CAB022x2+DLA56+DLA57+DLA58+DLA59,20
156200317947,,CAB022x2+DLA56+DLA57+DLA58+DLA59,20
176370665587,,CAB023,20
166753720727,,CAB023,20
166753720646,,CAB024,0
176370665796,,CAB024,0
176370665586,,CAB024x2,0
176370665798,,CAB024x2,0
156200317884,,EGR67,20
176370665812,,EGR67,20
166753720669,,EGR68,0
166753720740,,EGR68,0
166753720644,,EPB009,0
156200317948,,EPB009,0
176370665568,,FHKIT4,20
176370665810,,FHKIT4,20
176370665589,,FP30,20
166753720730,,FP30,20
166753720645,,FP42,20
166753720735,,FP42,20
156200317886,,FPUNIONSET,20
156200317958,,FPUNIONSET,20
156200317888,,GL27,20
166753720723,,GL27,20
166753720647,,GL27P,20
166753720732,,GL27P,20
176370665590,,LINK26,20
156200317960,,LINK26,20
156200317890,,LINK26+WM48,0
176370665804,,LINK26+WM48,0
166753720652,,LINK28,20
156200317950,,LINK28,20
176370665597,,LINK28+WM52,20
156200317946,,LINK28+WM52,20
166753720648,,LINK4,20
156200317951,,LINK4,20
176370665593,,OILP009,20
156200317952,,OILP009,20
156200317891,,OILP010,20
156200317953,,OILP010,20
166753720651,,OILP010+OILP011,20
166753720739,,OILP010+OILP011,20
166753720654,,OILP011,20
176370665800,,OILP011,20
166753720665,,PSP12+PSP28#1+PSP28#2+PSPR001,0
176370665823,,PSP12+PSP28#1+PSP28#2+PSPR001,0
176370665626,,PSP12+PSP28#1+PSP28#2+PSPR001+CHF,0
176370665829,,PSP12+PSP28#1+PSP28#2+PSPR001+CHF,0
166753720650,,PSP13+PSP50+PSP86+PSP87,20
156200317962,,PSP13+PSP50+PSP86+PSP87,20
176370665600,,PSP14+PSP83,20
176370665802,,PSP14+PSP83,20
166753720655,,PSP14+PSP83+PSFx2,20
176370665824,,PSP14+PSP83+PSFx2,20
176370665621,,PSP28#1+PSP28#2+PSPR001,0
176370665832,,PSP28#1+PSP28#2+PSPR001,0
176370665625,,PSP28#1+PSP28#2+PSPR001+CHF,0
156200317959,,PSP28#1+PSP28#2+PSPR001+CHF,0
156200317893,,PSP81+PSP82,20
156200317961,,PSP81+PSP82,20
176370665609,,PSP83,20
176370665821,,PSP83,20
176370665610,,PSP83+PSFx2,20
176370665820,,PSP83+PSFx2,20
166753720666,,PSPR001,0
156200317968,,PSPR001,0
176370665607,,RAD026,20
156200317963,,RAD026,20
166753720656,,SSH009,20
166753720738,,SSH009,20
176370665612,,SSH010,20
176370665813,,SSH010,20
166753720668,,SWIRL001,20
166753720729,,SWIRL001,20
176370665618,,TBH6,20
166753720733,,TBH6,20
176370665620,,TRACK001,20
166753720737,,TRACK001,20
156200317896,,TRACK001x2,20
176370665803,,TRACK001x2,20
166753720657,,TRACK002,20
156200317965,,TRACK002,20
166753720663,,TRACK002x2,20
176370665826,,TRACK002x2,20
176370665616,,WM25+LINK4,20
176370665815,,WM25+LINK4,20
166753720662,,WM44,20
156200317956,,WM44,20
176370665622,,WM44+WM53,20
156200317966,,WM44+WM53,20
156200317897,,WM48,0
176370665830,,WM48,0
166753720660,,WM52,20
156200317964,,WM52,20
166753720659,,WM53,20
176370665822,,WM53,20